{"toxic": 0.9499999999999995, "severe_toxic": 0.1, "obscene": 0.9499999999999995, "threat": 0.1, "insult": 0.8699999999999996, "identity_hate": 0.1}